{"cameraMode":{"drawMode":0,"name":"Shaded","section":"Shading Mode"},"sceneLighting":false,"audioPlay":false,"sceneViewState":{"showFog":true,"showMaterialUpdate":false,"showSkybox":true,"showFlares":true,"showImageEffects":true,"showParticleSystems":true},"in2DMode":false,"pivot":{"x":-0.5060937404632568,"y":-0.4821591377258301,"z":0.8647000789642334},"rotation":{"x":0.18380962312221528,"y":-0.3148016929626465,"z":0.062280137091875079,"w":0.9291045069694519},"size":3.1416585445404054,"orthographic":false}