{"cameraMode":{"drawMode":0,"name":"Shaded","section":"Shading Mode"},"sceneLighting":true,"audioPlay":false,"sceneViewState":{"showFog":true,"showMaterialUpdate":false,"showSkybox":true,"showFlares":true,"showImageEffects":true,"showParticleSystems":true},"in2DMode":false,"pivot":{"x":2.239304780960083,"y":-0.9937658309936523,"z":21.346479415893556},"rotation":{"x":0.04787620157003403,"y":0.27598482370376589,"z":-0.013761898502707482,"w":0.9598702192306519},"size":8.44073486328125,"orthographic":false}