{"cameraMode":{"drawMode":0,"name":"Shaded","section":"Shading Mode"},"sceneLighting":true,"audioPlay":false,"sceneViewState":{"showFog":true,"showMaterialUpdate":false,"showSkybox":true,"showFlares":true,"showImageEffects":true,"showParticleSystems":true},"in2DMode":false,"pivot":{"x":27.242446899414064,"y":-5.284958839416504,"z":94.4435043334961},"rotation":{"x":0.03003636561334133,"y":0.14026594161987306,"z":-0.004252108279615641,"w":0.9896490573883057},"size":99.97958374023438,"orthographic":false}