{"cameraMode":{"drawMode":0,"name":"Shaded","section":"Shading Mode"},"sceneLighting":false,"audioPlay":false,"sceneViewState":{"showFog":true,"showMaterialUpdate":false,"showSkybox":true,"showFlares":true,"showImageEffects":true,"showParticleSystems":true},"in2DMode":false,"pivot":{"x":0.006864011287689209,"y":-0.004799528047442436,"z":0.008698716759681702},"rotation":{"x":-0.15650063753128053,"y":-0.4396668076515198,"z":0.07810463756322861,"w":-0.8809655904769898},"size":0.27580440044403078,"orthographic":false}