{"cameraMode":{"drawMode":0,"name":"Shaded","section":"Shading Mode"},"sceneLighting":true,"audioPlay":false,"sceneViewState":{"showFog":true,"showMaterialUpdate":false,"showSkybox":true,"showFlares":true,"showImageEffects":true,"showParticleSystems":true},"in2DMode":false,"pivot":{"x":6.637650489807129,"y":-3.072097063064575,"z":33.36787414550781},"rotation":{"x":-0.06591098755598068,"y":-0.10461265593767166,"z":0.006947734393179417,"w":-0.9923022389411926},"size":32.087135314941409,"orthographic":false}