{"cameraMode":{"drawMode":0,"name":"Shaded","section":"Shading Mode"},"sceneLighting":true,"audioPlay":false,"sceneViewState":{"showFog":true,"showMaterialUpdate":false,"showSkybox":true,"showFlares":true,"showImageEffects":true,"showParticleSystems":true},"in2DMode":false,"pivot":{"x":0.028267502784729005,"y":0.5967902541160584,"z":17.897184371948243},"rotation":{"x":-0.013667982071638108,"y":0.9828710556030273,"z":-0.0816095843911171,"w":-0.16467441618442536},"size":1.5521202087402344,"orthographic":false}