{"cameraMode":{"drawMode":0,"name":"Shaded","section":"Shading Mode"},"sceneLighting":false,"audioPlay":false,"sceneViewState":{"showFog":true,"showMaterialUpdate":false,"showSkybox":true,"showFlares":true,"showImageEffects":true,"showParticleSystems":true},"in2DMode":false,"pivot":{"x":-0.0016263723373413087,"y":0.21707004308700562,"z":18.697853088378908},"rotation":{"x":-0.1912265568971634,"y":-0.28648170828819277,"z":0.05846614018082619,"w":-0.9369857907295227},"size":2.3613028526306154,"orthographic":false}