{"cameraMode":{"drawMode":0,"name":"Shaded","section":"Shading Mode"},"sceneLighting":false,"audioPlay":false,"sceneViewState":{"showFog":true,"showMaterialUpdate":false,"showSkybox":true,"showFlares":true,"showImageEffects":true,"showParticleSystems":true},"in2DMode":false,"pivot":{"x":0.13206356763839723,"y":0.21512249112129212,"z":17.216800689697267},"rotation":{"x":0.1860463172197342,"y":-0.48699951171875,"z":0.10702025890350342,"w":0.8466197848320007},"size":0.6877338886260986,"orthographic":false}