{"cameraMode":{"drawMode":0,"name":"Shaded","section":"Shading Mode"},"sceneLighting":true,"audioPlay":false,"sceneViewState":{"showFog":true,"showMaterialUpdate":false,"showSkybox":true,"showFlares":true,"showImageEffects":true,"showParticleSystems":true},"in2DMode":false,"pivot":{"x":-0.4856778383255005,"y":0.37863707542419436,"z":17.7788028717041},"rotation":{"x":-0.042274150997400287,"y":-0.04049372673034668,"z":0.001713550416752696,"w":-0.9982836842536926},"size":2.0342094898223879,"orthographic":false}