{"cameraMode":{"drawMode":0,"name":"Shaded","section":"Shading Mode"},"sceneLighting":true,"audioPlay":false,"sceneViewState":{"showFog":true,"showMaterialUpdate":false,"showSkybox":true,"showFlares":true,"showImageEffects":true,"showParticleSystems":true},"in2DMode":false,"pivot":{"x":0.023225462064146997,"y":2.208930015563965,"z":-8.225865364074707},"rotation":{"x":-0.004808058962225914,"y":-0.07347273826599121,"z":0.00035327821387909353,"w":-0.9972856044769287},"size":2.3421003818511965,"orthographic":false}