{"cameraMode":{"drawMode":0,"name":"Shaded","section":"Shading Mode"},"sceneLighting":true,"audioPlay":false,"sceneViewState":{"showFog":true,"showMaterialUpdate":false,"showSkybox":true,"showFlares":true,"showImageEffects":true,"showParticleSystems":true},"in2DMode":false,"pivot":{"x":-0.4091866612434387,"y":0.3686679005622864,"z":17.76807975769043},"rotation":{"x":-0.0481199286878109,"y":-0.08682984858751297,"z":0.004197802394628525,"w":-0.9950515031814575},"size":0.842103898525238,"orthographic":false}