{"cameraMode":{"drawMode":0,"name":"Shaded","section":"Shading Mode"},"sceneLighting":false,"audioPlay":false,"sceneViewState":{"showFog":true,"showMaterialUpdate":false,"showSkybox":true,"showFlares":true,"showImageEffects":true,"showParticleSystems":true},"in2DMode":false,"pivot":{"x":-2.020481586456299,"y":1.2789396047592164,"z":-0.3975912630558014},"rotation":{"x":-0.05275025963783264,"y":0.041888248175382617,"z":-0.0022157346829771997,"w":-0.9977263808250427},"size":0.7737194895744324,"orthographic":false}