{"cameraMode":{"drawMode":0,"name":"Shaded","section":"Shading Mode"},"sceneLighting":false,"audioPlay":false,"sceneViewState":{"showFog":true,"showMaterialUpdate":false,"showSkybox":true,"showFlares":true,"showImageEffects":true,"showParticleSystems":true},"in2DMode":false,"pivot":{"x":-2.307694911956787,"y":1.3449138402938843,"z":-0.41534337401390078},"rotation":{"x":-0.05429462343454361,"y":-0.00004088199420948513,"z":0.0000011404566748751677,"w":-0.9985249638557434},"size":0.7737194895744324,"orthographic":false}