{"cameraMode":{"drawMode":0,"name":"Shaded","section":"Shading Mode"},"sceneLighting":false,"audioPlay":false,"sceneViewState":{"showFog":true,"showMaterialUpdate":false,"showSkybox":true,"showFlares":true,"showImageEffects":true,"showParticleSystems":true},"in2DMode":false,"pivot":{"x":0.45399999618530276,"y":0.2151225209236145,"z":19.09320068359375},"rotation":{"x":0.20586556196212769,"y":0.2535250186920166,"z":-0.055313706398010257,"w":0.9435490965843201},"size":0.6877339482307434,"orthographic":false}