{"cameraMode":{"drawMode":0,"name":"Shaded","section":"Shading Mode"},"sceneLighting":true,"audioPlay":false,"sceneViewState":{"showFog":true,"showMaterialUpdate":false,"showSkybox":true,"showFlares":true,"showImageEffects":true,"showParticleSystems":true},"in2DMode":false,"pivot":{"x":-0.5429511070251465,"y":0.38612106442451479,"z":17.782073974609376},"rotation":{"x":-0.037811797112226489,"y":-0.006036838982254267,"z":0.00022721145069226623,"w":-0.9992666840553284},"size":0.8342096209526062,"orthographic":false}