{"cameraMode":{"drawMode":0,"name":"Shaded","section":"Shading Mode"},"sceneLighting":true,"audioPlay":false,"sceneViewState":{"showFog":true,"showMaterialUpdate":false,"showSkybox":true,"showFlares":true,"showImageEffects":true,"showParticleSystems":true},"in2DMode":false,"pivot":{"x":-0.017499923706054689,"y":0.3705000877380371,"z":11.26149845123291},"rotation":{"x":-0.07426739484071732,"y":-0.16024474799633027,"z":0.012091143988072873,"w":-0.9842051863670349},"size":43.91649627685547,"orthographic":false}