{"cameraMode":{"drawMode":0,"name":"Shaded","section":"Shading Mode"},"sceneLighting":true,"audioPlay":false,"sceneViewState":{"showFog":true,"showMaterialUpdate":false,"showSkybox":true,"showFlares":true,"showImageEffects":true,"showParticleSystems":true},"in2DMode":false,"pivot":{"x":0.5348846316337586,"y":0.8557147979736328,"z":10.104190826416016},"rotation":{"x":0.018308063969016076,"y":-0.031182391569018365,"z":0.0005716909072361887,"w":0.9993458986282349},"size":3.562495708465576,"orthographic":false}