{"cameraMode":{"drawMode":0,"name":"Shaded","section":"Shading Mode"},"sceneLighting":true,"audioPlay":false,"sceneViewState":{"showFog":true,"showMaterialUpdate":false,"showSkybox":true,"showFlares":true,"showImageEffects":true,"showParticleSystems":true},"in2DMode":false,"pivot":{"x":-2.0669994354248049,"y":1.2650024890899659,"z":0.0},"rotation":{"x":-0.07672898471355438,"y":-0.020977584645152093,"z":0.0016134869074448944,"w":-0.9968299865722656},"size":0.842103898525238,"orthographic":false}