{"cameraMode":{"drawMode":0,"name":"Shaded","section":"Shading Mode"},"sceneLighting":false,"audioPlay":false,"sceneViewState":{"showFog":true,"showMaterialUpdate":false,"showSkybox":true,"showFlares":true,"showImageEffects":true,"showParticleSystems":true},"in2DMode":false,"pivot":{"x":-2.0669994354248049,"y":1.2649998664855958,"z":-0.00033217694726772606},"rotation":{"x":-0.04573139548301697,"y":-0.2126656472682953,"z":0.009963507764041424,"w":-0.9760034680366516},"size":2.6421005725860597,"orthographic":false}