{"cameraMode":{"drawMode":0,"name":"Shaded","section":"Shading Mode"},"sceneLighting":false,"audioPlay":false,"sceneViewState":{"showFog":true,"showMaterialUpdate":false,"showSkybox":true,"showFlares":true,"showImageEffects":true,"showParticleSystems":true},"in2DMode":false,"pivot":{"x":0.16996857523918153,"y":0.31719398498535159,"z":0.33707737922668459},"rotation":{"x":-0.05601925030350685,"y":0.883518397808075,"z":-0.10951292514801026,"w":-0.45195576548576357},"size":0.32873445749282839,"orthographic":false}